type,name,module,path,hash
"csv","agent-manifest","_cfg","bmad/_cfg/agent-manifest.csv","5a12f83b699ab96810cfe8e12ddb5a56ceac430e31fd879929a1264f6a31103c"
"csv","task-manifest","_cfg","bmad/_cfg/task-manifest.csv","a569230ad46c5410fcb4acb60f5ac2dcabaf0c072bc36afc66e4741ccca734ec"
"csv","workflow-manifest","_cfg","bmad/_cfg/workflow-manifest.csv","0a2aba2e69af5ef1500ca8fb876950011ae86b9415389c3230dc7d1b95d4d6bc"
"yaml","manifest","_cfg","bmad/_cfg/manifest.yaml","c19e3c307fcea7c532b7158c7638cd929ab0920ee08047de8f44f7dca9450a25"
"csv","default-party","bmm","bmad/bmm/teams/default-party.csv","5cac772c6ca7510b511c90f3e5c135cd42dc0ab567a6ded3c3cfb4fb032f2f6e"
"csv","documentation-requirements","bmm","bmad/bmm/workflows/document-project/documentation-requirements.csv","d1253b99e88250f2130516b56027ed706e643bfec3d99316727a4c6ec65c6c1d"
"csv","domain-complexity","bmm","bmad/bmm/workflows/2-plan-workflows/prd/domain-complexity.csv","ed4d30e9fd87db2d628fb66cac7a302823ef6ebb3a8da53b9265326f10a54e11"
"csv","pattern-categories","bmm","bmad/bmm/workflows/3-solutioning/architecture/pattern-categories.csv","d9a275931bfed32a65106ce374f2bf8e48ecc9327102a08f53b25818a8c78c04"
"csv","project-types","bmm","bmad/bmm/workflows/2-plan-workflows/prd/project-types.csv","7a01d336e940fb7a59ff450064fd1194cdedda316370d939264a0a0adcc0aca3"
"csv","tea-index","bmm","bmad/bmm/testarch/tea-index.csv","23b0e383d06e039a77bb1611b168a2bb5323ed044619a592ac64e36911066c83"
"excalidraw","workflow-method-greenfield","bmm","bmad/bmm/docs/images/workflow-method-greenfield.excalidraw","5bbcdb2e97b56f844447c82c210975f1aa5ce7e82ec268390a64a75e5d5a48ed"
"json","excalidraw-library","bmm","bmad/bmm/workflows/diagrams/_shared/excalidraw-library.json","8e5079f4e79ff17f4781358423f2126a1f14ab48bbdee18fd28943865722030c"
"json","project-scan-report-schema","bmm","bmad/bmm/workflows/document-project/templates/project-scan-report-schema.json","53255f15a10cab801a1d75b4318cdb0095eed08c51b3323b7e6c236ae6b399b7"
"md","agents-guide","bmm","bmad/bmm/docs/agents-guide.md","b2d6545e804def348083a484b9c1a53204dfb9441fef9cd37cdf61968445715a"
"md","analyst","bmm","bmad/bmm/agents/analyst.md","c59bfa4fd8da4f81746bfa0812ada0492df008563f559740f348eb6272490a9a"
"md","architect","bmm","bmad/bmm/agents/architect.md","9b6c07890aec3887620c34aaf9128afeb49468f0d42ee85e5a3efc98de7b63fa"
"md","architecture-template","bmm","bmad/bmm/workflows/3-solutioning/architecture/architecture-template.md","a4908c181b04483c589ece1eb09a39f835b8a0dcb871cb624897531c371f5166"
"md","atdd-checklist-template","bmm","bmad/bmm/workflows/testarch/atdd/atdd-checklist-template.md","9944d7b488669bbc6e9ef537566eb2744e2541dad30a9b2d9d4ae4762f66b337"
"md","backlog_template","bmm","bmad/bmm/workflows/4-implementation/code-review/backlog_template.md","84b1381c05012999ff9a8b036b11c8aa2f926db4d840d256b56d2fa5c11f4ef7"
"md","brownfield-guide","bmm","bmad/bmm/docs/brownfield-guide.md","a8b55232a0f8531a436e7ed6c628ec8fb99af5faf5864dd826b63037c158d24c"
"md","checklist","bmm","bmad/bmm/workflows/1-analysis/product-brief/checklist.md","d801d792e3cf6f4b3e4c5f264d39a18b2992a197bc347e6d0389cc7b6c5905de"
"md","checklist","bmm","bmad/bmm/workflows/1-analysis/research/checklist.md","eca09a6e7fc21316b11c022395b729dd56a615cbe483932ba65e1c11be9d95ed"
"md","checklist","bmm","bmad/bmm/workflows/2-plan-workflows/create-ux-design/checklist.md","1aa5bc2ad9409fab750ce55475a69ec47b7cdb5f4eac93b628bb5d9d3ea9dacb"
"md","checklist","bmm","bmad/bmm/workflows/2-plan-workflows/prd/checklist.md","9c3f0452b3b520ac2e975bf8b3e0325f07c40ff45d20f79aad610e489167770e"
"md","checklist","bmm","bmad/bmm/workflows/2-plan-workflows/tech-spec/checklist.md","905a709418504f88775c37e46d89164f064fb4fefc199dab55e568ef67bde06b"
"md","checklist","bmm","bmad/bmm/workflows/3-solutioning/architecture/checklist.md","625df65f77ceaf7193cdac0e7bc0ffda39bf6b18f698859b10c50c2588a5dc56"
"md","checklist","bmm","bmad/bmm/workflows/3-solutioning/implementation-readiness/checklist.md","6024d4064ad1010a9bbdbaa830c01adba27c1aba6bf0153d88eee460427af799"
"md","checklist","bmm","bmad/bmm/workflows/4-implementation/code-review/checklist.md","549f958bfe0b28f33ed3dac7b76ea8f266630b3e67f4bda2d4ae85be518d3c89"
"md","checklist","bmm","bmad/bmm/workflows/4-implementation/correct-course/checklist.md","33b2acfcc8fdbab18637218f6c6d16055e0004f0d818f993b0a6aeafac1f6112"
"md","checklist","bmm","bmad/bmm/workflows/4-implementation/create-story/checklist.md","e3a636b15f010fc0c337e35c2a9427d4a0b9746f7f2ac5dda0b2f309f469f5d1"
"md","checklist","bmm","bmad/bmm/workflows/4-implementation/dev-story/checklist.md","77cecc9d45050de194300c841e7d8a11f6376e2fbe0a5aac33bb2953b1026014"
"md","checklist","bmm","bmad/bmm/workflows/4-implementation/epic-tech-context/checklist.md","5e90dc12e01ba5f00301a6724fdac5585596fd6dfc670913938e9e92cdca133a"
"md","checklist","bmm","bmad/bmm/workflows/4-implementation/sprint-planning/checklist.md","80b10aedcf88ab1641b8e5f99c9a400c8fd9014f13ca65befc5c83992e367dd7"
"md","checklist","bmm","bmad/bmm/workflows/4-implementation/story-context/checklist.md","89c90d004e0649624a533d09604384c297b2891847c87cf1dcb358e9c8d0d723"
"md","checklist","bmm","bmad/bmm/workflows/diagrams/create-dataflow/checklist.md","f420aaf346833dfda5454ffec9f90a680e903453bcc4d3e277d089e6781fec55"
"md","checklist","bmm","bmad/bmm/workflows/diagrams/create-diagram/checklist.md","6357350a6e2237c1b819edd8fc847e376192bf802000cb1a4337c9584fc91a18"
"md","checklist","bmm","bmad/bmm/workflows/diagrams/create-flowchart/checklist.md","45aaf882b8e9a1042683406ae2cfc0b23d3d39bd1dac3ddb0778d5b7165f7047"
"md","checklist","bmm","bmad/bmm/workflows/diagrams/create-wireframe/checklist.md","588f9354bf366c173aa261cf5a8b3a87c878ea72fd2c0f8088c4b3289e984641"
"md","checklist","bmm","bmad/bmm/workflows/document-project/checklist.md","2f1edb9e5e0b003f518b333ae842f344ff94d4dda7df07ba7f30c5b066013a68"
"md","checklist","bmm","bmad/bmm/workflows/testarch/atdd/checklist.md","c4fa594d949dd8f1f818c11054b28643b458ab05ed90cf65f118deb1f4818e9f"
"md","checklist","bmm","bmad/bmm/workflows/testarch/automate/checklist.md","bf1ae220c15c9f263967d1606658b19adcd37d57aef2b0faa30d34f01e5b0d22"
"md","checklist","bmm","bmad/bmm/workflows/testarch/ci/checklist.md","c40143aaf0e34c264a2f737e14a50ec85d861bda78235cf01a3c63413d996dc8"
"md","checklist","bmm","bmad/bmm/workflows/testarch/framework/checklist.md","16cc3aee710abb60fb85d2e92f0010b280e66b38fac963c0955fb36e7417103a"
"md","checklist","bmm","bmad/bmm/workflows/testarch/nfr-assess/checklist.md","044416df40402db39eb660509eedadafc292c16edc247cf93812f2a325ee032c"
"md","checklist","bmm","bmad/bmm/workflows/testarch/test-design/checklist.md","1a7e5e975d5a2bd3afd81e743e5ee3a2aa72571fce250caac24a6643808394eb"
"md","checklist","bmm","bmad/bmm/workflows/testarch/test-review/checklist.md","0626c675114c23019e20e4ae2330a64baba43ad11774ff268c027b3c584a0891"
"md","checklist","bmm","bmad/bmm/workflows/testarch/trace/checklist.md","a4468ae2afa9cf676310ec1351bb34317d5390e4a02ded9684cc15a62f2fd4fd"
"md","checklist-deep-prompt","bmm","bmad/bmm/workflows/1-analysis/research/checklist-deep-prompt.md","5caaa34bd252cf26e50f75d25b6cff8cfaf2f56615f1141cd75225e7d8e9b00a"
"md","checklist-technical","bmm","bmad/bmm/workflows/1-analysis/research/checklist-technical.md","aab903438d953c3b3f5a9b1090346452077db4e3cda3ce5af3a564b52b4487fc"
"md","ci-burn-in","bmm","bmad/bmm/testarch/knowledge/ci-burn-in.md","de0092c37ea5c24b40a1aff90c5560bbe0c6cc31702de55d4ea58c56a2e109af"
"md","component-tdd","bmm","bmad/bmm/testarch/knowledge/component-tdd.md","88bd1f9ca1d5bcd1552828845fe80b86ff3acdf071bac574eda744caf7120ef8"
"md","contract-testing","bmm","bmad/bmm/testarch/knowledge/contract-testing.md","d8f662c286b2ea4772213541c43aebef006ab6b46e8737ebdc4a414621895599"
"md","data-factories","bmm","bmad/bmm/testarch/knowledge/data-factories.md","d7428fe7675da02b6f5c4c03213fc5e542063f61ab033efb47c1c5669b835d88"
"md","deep-dive-instructions","bmm","bmad/bmm/workflows/document-project/workflows/deep-dive-instructions.md","a567fc43c918ca3f77440e75ce2ac7779740550ad848cade130cca1837115c1e"
"md","deep-dive-template","bmm","bmad/bmm/workflows/document-project/templates/deep-dive-template.md","6198aa731d87d6a318b5b8d180fc29b9aa53ff0966e02391c17333818e94ffe9"
"md","dev","bmm","bmad/bmm/agents/dev.md","bc1b7b61126aacb5e65e695df5f4a7c18f81ed62b444f6a149c15318065e10cc"
"md","documentation-standards","bmm","bmad/bmm/workflows/techdoc/documentation-standards.md","fc26d4daff6b5a73eb7964eacba6a4f5cf8f9810a8c41b6949c4023a4176d853"
"md","email-auth","bmm","bmad/bmm/testarch/knowledge/email-auth.md","43f4cc3138a905a91f4a69f358be6664a790b192811b4dfc238188e826f6b41b"
"md","enterprise-agentic-development","bmm","bmad/bmm/docs/enterprise-agentic-development.md","3e9d3042b16fcff89383820860a7beb8d04a3d89b91c1063da7105f70cf63db3"
"md","epics-template","bmm","bmad/bmm/workflows/2-plan-workflows/tech-spec/epics-template.md","2eb396607543da58e6accdf0617773d9db059632ef8cb069ec745b790274704c"
"md","epics-template","bmm","bmad/bmm/workflows/3-solutioning/create-epics-and-stories/epics-template.md","9adb82dfce092b40756578c15eddab540c5c987abd7fcc323f3d76b2999eb115"
"md","error-handling","bmm","bmad/bmm/testarch/knowledge/error-handling.md","8a314eafb31e78020e2709d88aaf4445160cbefb3aba788b62d1701557eb81c1"
"md","faq","bmm","bmad/bmm/docs/faq.md","a33583a015074419c1f51ca272e8238dbc9a769db1d9d1f11eb75ae1555b0e9f"
"md","feature-flags","bmm","bmad/bmm/testarch/knowledge/feature-flags.md","f6db7e8de2b63ce40a1ceb120a4055fbc2c29454ad8fca5db4e8c065d98f6f49"
"md","fixture-architecture","bmm","bmad/bmm/testarch/knowledge/fixture-architecture.md","a3b6c1bcaf5e925068f3806a3d2179ac11dde7149e404bc4bb5602afb7392501"
"md","full-scan-instructions","bmm","bmad/bmm/workflows/document-project/workflows/full-scan-instructions.md","6c6e0d77b33f41757eed8ebf436d4def69cd6ce412395b047bf5909f66d876aa"
"md","glossary","bmm","bmad/bmm/docs/glossary.md","f194e68adad2458d6bdd41f4b4fab95c241790cf243807748f4ca3f35cef6676"
"md","index-template","bmm","bmad/bmm/workflows/document-project/templates/index-template.md","42c8a14f53088e4fda82f26a3fe41dc8a89d4bcb7a9659dd696136378b64ee90"
"md","instructions","bmm","bmad/bmm/workflows/1-analysis/brainstorm-project/instructions.md","25faea4b2c60ee71c5c5ec2b3d9da964a0190b96871b3b0fcd792650bce76911"
"md","instructions","bmm","bmad/bmm/workflows/1-analysis/domain-research/instructions.md","6abf1facd5de2e70bdbf3f74a5f8036b4f6fdbee9bf21f2866a7739d6b0ddca2"
"md","instructions","bmm","bmad/bmm/workflows/1-analysis/product-brief/instructions.md","4403481447d3e52682a5ee933a9f69e12a8c2a47cebd0e3b6f12fe508c7e1d94"
"md","instructions","bmm","bmad/bmm/workflows/2-plan-workflows/create-ux-design/instructions.md","9c3800d998941abe7359a754a4f3f24642d8963ab2e9f8a4979353930fbf37e4"
"md","instructions","bmm","bmad/bmm/workflows/2-plan-workflows/prd/instructions.md","56ddda7c34c84d8be7552251b4a460d3b5e7900355af41539747adbeeef2bfab"
"md","instructions","bmm","bmad/bmm/workflows/2-plan-workflows/tech-spec/instructions.md","921bf275f050ea4faa2162d967f8cc35d4a09987bb872fa8cd8fffd598105bcd"
"md","instructions","bmm","bmad/bmm/workflows/3-solutioning/architecture/instructions.md","b7373f4e61e85ad02f74c00b719811ec604a79808c6db11c15e68e21bdfaba9a"
"md","instructions","bmm","bmad/bmm/workflows/3-solutioning/create-epics-and-stories/instructions.md","2df60bf0af36ddbaf18ca391a61b4102ec3da20eac62183e8227eb89bf78b67b"
"md","instructions","bmm","bmad/bmm/workflows/3-solutioning/implementation-readiness/instructions.md","008c1e70defa4ac57123acd84ca2010b18ad569c1d837722ea7bb86a20dbb45e"
"md","instructions","bmm","bmad/bmm/workflows/4-implementation/code-review/instructions.md","c8c578f05f7c31707149bd0029dd6b70837e4845bbea1f2a61d23d73c6150100"
"md","instructions","bmm","bmad/bmm/workflows/4-implementation/correct-course/instructions.md","d06959c057f53c16604c8c5d2fac83c6160164527657eff879b94e2855ad9735"
"md","instructions","bmm","bmad/bmm/workflows/4-implementation/create-story/instructions.md","fae632881c02d94ae447cb69fe025c4868128358e63cce57c6f1a37bcd37d9f1"
"md","instructions","bmm","bmad/bmm/workflows/4-implementation/dev-story/instructions.md","5761d4e2ac0e6548f7cb7bfd2a644197b0dd86198157b2e9023d6ac1c894d71e"
"md","instructions","bmm","bmad/bmm/workflows/4-implementation/epic-tech-context/instructions.md","88d7583806f9ac1ca1a31492328ebbf8ba869728da75b1b330d859f8cfc729ab"
"md","instructions","bmm","bmad/bmm/workflows/4-implementation/retrospective/instructions.md","26162a6ac04bbb313b209129186ab7cff4940f411be09af7f6fd9d937890acd8"
"md","instructions","bmm","bmad/bmm/workflows/4-implementation/sprint-planning/instructions.md","be1ab1e8d895367106c6025c3625fdbf935312fef229b1b47d76b1e84ecb51a9"
"md","instructions","bmm","bmad/bmm/workflows/4-implementation/story-context/instructions.md","b3f451b7d2222fbb1d6a595af12731c85af9303b8768e23ba184620b4b41add5"
"md","instructions","bmm","bmad/bmm/workflows/4-implementation/story-done/instructions.md","00e8b4b817b11a8bb1b7a3746fc9991c60acee1551c9de005c423ef9e670272f"
"md","instructions","bmm","bmad/bmm/workflows/4-implementation/story-ready/instructions.md","bfe8a3ebbd27dcf0d0d5e0ed038852496d15a711c65da0b8bc46c952b6e20c66"
"md","instructions","bmm","bmad/bmm/workflows/diagrams/create-dataflow/instructions.md","cb670028ad8604559b26cdd0bdbc62a403a3174c561ee31d844472f06f7368be"
"md","instructions","bmm","bmad/bmm/workflows/diagrams/create-diagram/instructions.md","decb5126dfb99af939a052d03c7b727a83ee92452a79e93bb6d581133924ad41"
"md","instructions","bmm","bmad/bmm/workflows/diagrams/create-flowchart/instructions.md","b307573436161077ca61d914ab8971145cac4980c31dae48bfb68720bf61ab9f"
"md","instructions","bmm","bmad/bmm/workflows/diagrams/create-wireframe/instructions.md","0c3ef52aeda93d6c9c539eb1cf1fb99645979475bce10fa0c006a3dafb9ca225"
"md","instructions","bmm","bmad/bmm/workflows/document-project/instructions.md","150154d560155635b7036043bb4c8ee99f52e4a34d1c9db13e955abc69a0452a"
"md","instructions","bmm","bmad/bmm/workflows/testarch/atdd/instructions.md","afed355e21b2592c2bfe6ce71c64f6556deb082c865208613427a33e5daa61e3"
"md","instructions","bmm","bmad/bmm/workflows/testarch/automate/instructions.md","43958a5fb17e5514101656720add81ae30dc7b38b5e0df596df4b7167d8cc059"
"md","instructions","bmm","bmad/bmm/workflows/testarch/ci/instructions.md","2dbb3687ec7423d01ae29ef0f67400b0df56756a7c0041ef367d6c95b6f695c2"
"md","instructions","bmm","bmad/bmm/workflows/testarch/framework/instructions.md","2bbaaa5559917cb2f5da2121df763893dc4ccd703afc385d9d71b5b379a798e8"
"md","instructions","bmm","bmad/bmm/workflows/testarch/nfr-assess/instructions.md","a3838c8e5dcb1735962176aa07cc8f7a1d5a1e1ad70207a27a8152015cfebbcb"
"md","instructions","bmm","bmad/bmm/workflows/testarch/test-design/instructions.md","5eca914991a8e7e30ba9e08aa4a85628675ad1c7ef8d432364901b3db944f1fb"
"md","instructions","bmm","bmad/bmm/workflows/testarch/test-review/instructions.md","8e1ed220ae9fb0ea5eba0a75f7fc755b774d8c1cfbaf15c9b972fdbdab76d954"
"md","instructions","bmm","bmad/bmm/workflows/testarch/trace/instructions.md","300802c457c410105855193fda4f2ff124c31d5ad9f7d57506fbf75356a8ef2a"
"md","instructions","bmm","bmad/bmm/workflows/workflow-status/init/instructions.md","a9d8c13b3c8c066e04c8cd51c8ca3197a53b04a14c8301142980e28dae1325a5"
"md","instructions","bmm","bmad/bmm/workflows/workflow-status/instructions.md","964e4a1781855a63a6e816c84354d1608ab13304d957e1149fdcaaa7ccdbc1c2"
"md","instructions-deep-prompt","bmm","bmad/bmm/workflows/1-analysis/research/instructions-deep-prompt.md","076792bd01b0020d5982166fbe778c7b2029e302abaa0b7c33682a45fcf409a3"
"md","instructions-generate-stories","bmm","bmad/bmm/workflows/2-plan-workflows/tech-spec/instructions-generate-stories.md","30c313a4525001bde80a4786791953017c366abd5b5effa5b61f7686fc3d1043"
"md","instructions-market","bmm","bmad/bmm/workflows/1-analysis/research/instructions-market.md","6ce51d1b8791485f3d565077f9d6e4036fd2885a58c3d91134f1908515ab21b8"
"md","instructions-router","bmm","bmad/bmm/workflows/1-analysis/research/instructions-router.md","b191633158571bc08c841e44ffdaa1da39f128c671b569be98f96f267f6686a6"
"md","instructions-technical","bmm","bmad/bmm/workflows/1-analysis/research/instructions-technical.md","dfb0eb0e5d54a8bc91e426702f43d56b9974082b4a45b2c23992e31b5ea3bd8b"
"md","network-first","bmm","bmad/bmm/testarch/knowledge/network-first.md","2920e58e145626f5505bcb75e263dbd0e6ac79a8c4c2ec138f5329e06a6ac014"
"md","nfr-criteria","bmm","bmad/bmm/testarch/knowledge/nfr-criteria.md","e63cee4a0193e4858c8f70ff33a497a1b97d13a69da66f60ed5c9a9853025aa1"
"md","nfr-report-template","bmm","bmad/bmm/workflows/testarch/nfr-assess/nfr-report-template.md","b1d8fcbdfc9715a285a58cb161242dea7d311171c09a2caab118ad8ace62b80c"
"md","party-mode","bmm","bmad/bmm/docs/party-mode.md","1f62cb3f3f292a5a3d08b295f62fbeb46abff6eb9743abdd5112b49032a7253e"
"md","playwright-config","bmm","bmad/bmm/testarch/knowledge/playwright-config.md","42516511104a7131775f4446196cf9e5dd3295ba3272d5a5030660b1dffaa69f"
"md","pm","bmm","bmad/bmm/agents/pm.md","b5060cdf512e5ff9bc67cfeec6387ae154485c37e519d23552e3b2ed55841135"
"md","prd-template","bmm","bmad/bmm/workflows/2-plan-workflows/prd/prd-template.md","456f63362fe44789593e65749244dbf8e0089562c5f6032c500f3b014e0d5bdc"
"md","probability-impact","bmm","bmad/bmm/testarch/knowledge/probability-impact.md","446dba0caa1eb162734514f35366f8c38ed3666528b0b5e16c7f03fd3c537d0f"
"md","project-context","bmm","bmad/bmm/workflows/1-analysis/brainstorm-project/project-context.md","0f1888da4bfc4f24c4de9477bd3ccb2a6fb7aa83c516dfdc1f98fbd08846d4ba"
"md","project-overview-template","bmm","bmad/bmm/workflows/document-project/templates/project-overview-template.md","a7c7325b75a5a678dca391b9b69b1e3409cfbe6da95e70443ed3ace164e287b2"
"md","quick-spec-flow","bmm","bmad/bmm/docs/quick-spec-flow.md","215d508d27ea94e0091fc32f8dce22fadf990b3b9d8b397e2c393436934f85af"
"md","quick-start","bmm","bmad/bmm/docs/quick-start.md","b8531e56efad89f2efb61402b223d6157d62cde3fcbef14fc205d7cfc89d51bd"
"md","README","bmm","bmad/bmm/README.md","ad4e6d0c002e3a5fef1b695bda79e245fe5a43345375c699165b32d6fc511457"
"md","README","bmm","bmad/bmm/docs/README.md","431c50b8acf7142eb6e167618538ece6bcda8bcd5d7b681a302cf866335e916e"
"md","risk-governance","bmm","bmad/bmm/testarch/knowledge/risk-governance.md","2fa2bc3979c4f6d4e1dec09facb2d446f2a4fbc80107b11fc41cbef2b8d65d68"
"md","scale-adaptive-system","bmm","bmad/bmm/docs/scale-adaptive-system.md","eb91f9859066f6f1214ac2e02178bc9c766cb96828380e730c79aee361582d8d"
"md","selective-testing","bmm","bmad/bmm/testarch/knowledge/selective-testing.md","c14c8e1bcc309dbb86a60f65bc921abf5a855c18a753e0c0654a108eb3eb1f1c"
"md","selector-resilience","bmm","bmad/bmm/testarch/knowledge/selector-resilience.md","a55c25a340f1cd10811802665754a3f4eab0c82868fea61fea9cc61aa47ac179"
"md","sm","bmm","bmad/bmm/agents/sm.md","db9f74c9e865c970a51160a2c998bcf86e8837894454dcd7be9b7c74baabc328"
"md","source-tree-template","bmm","bmad/bmm/workflows/document-project/templates/source-tree-template.md","109bc335ebb22f932b37c24cdc777a351264191825444a4d147c9b82a1e2ad7a"
"md","tea","bmm","bmad/bmm/agents/tea.md","b14375d163c7ca09b16a5f52a8d65aed7a7549d5976df316ef84c63a9df73e54"
"md","tech-spec-template","bmm","bmad/bmm/workflows/2-plan-workflows/tech-spec/tech-spec-template.md","2b07373b7b23f71849f107b8fd4356fef71ba5ad88d7f333f05547da1d3be313"
"md","tech-writer","bmm","bmad/bmm/agents/tech-writer.md","3499d947a9b97e9ce31c3f716ef902428c61341f5e21963ee212e4af89acd9e2"
"md","template","bmm","bmad/bmm/workflows/1-analysis/domain-research/template.md","5606843f77007d886cc7ecf1fcfddd1f6dfa3be599239c67eff1d8e40585b083"
"md","template","bmm","bmad/bmm/workflows/1-analysis/product-brief/template.md","96f89df7a4dabac6400de0f1d1abe1f2d4713b76fe9433f31c8a885e20d5a5b4"
"md","template","bmm","bmad/bmm/workflows/3-solutioning/implementation-readiness/template.md","d8e5fdd62adf9836f7f6cccd487df9b260b392da2e45d2c849ecc667b9869427"
"md","template","bmm","bmad/bmm/workflows/4-implementation/create-story/template.md","83c5d21312c0f2060888a2a8ba8332b60f7e5ebeb9b24c9ee59ba96114afb9c9"
"md","template","bmm","bmad/bmm/workflows/4-implementation/epic-tech-context/template.md","b5c5d0686453b7c9880d5b45727023f2f6f8d6e491b47267efa8f968f20074e3"
"md","template-deep-prompt","bmm","bmad/bmm/workflows/1-analysis/research/template-deep-prompt.md","2e65c7d6c56e0fa3c994e9eb8e6685409d84bc3e4d198ea462fa78e06c1c0932"
"md","template-market","bmm","bmad/bmm/workflows/1-analysis/research/template-market.md","e5e59774f57b2f9b56cb817c298c02965b92c7d00affbca442366638cd74d9ca"
"md","template-technical","bmm","bmad/bmm/workflows/1-analysis/research/template-technical.md","78caa56ba6eb6922925e5aab4ed4a8245fe744b63c245be29a0612135851f4ca"
"md","test-architecture","bmm","bmad/bmm/docs/test-architecture.md","d5710dab91fc4e732162b225b306e65120b35494052df14e269bd1cb00ec774f"
"md","test-design-template","bmm","bmad/bmm/workflows/testarch/test-design/test-design-template.md","d97f65bb741e6fcf40934606b17a2f6c78358390d41bee2dd183ff9cafb3bd5e"
"md","test-healing-patterns","bmm","bmad/bmm/testarch/knowledge/test-healing-patterns.md","b44f7db1ebb1c20ca4ef02d12cae95f692876aee02689605d4b15fe728d28fdf"
"md","test-levels-framework","bmm","bmad/bmm/testarch/knowledge/test-levels-framework.md","80bbac7959a47a2e7e7de82613296f906954d571d2d64ece13381c1a0b480237"
"md","test-priorities-matrix","bmm","bmad/bmm/testarch/knowledge/test-priorities-matrix.md","321c3b708cc19892884be0166afa2a7197028e5474acaf7bc65c17ac861964a5"
"md","test-quality","bmm","bmad/bmm/testarch/knowledge/test-quality.md","97b6db474df0ec7a98a15fd2ae49671bb8e0ddf22963f3c4c47917bb75c05b90"
"md","test-review-template","bmm","bmad/bmm/workflows/testarch/test-review/test-review-template.md","3e68a73c48eebf2e0b5bb329a2af9e80554ef443f8cd16652e8343788f249072"
"md","timing-debugging","bmm","bmad/bmm/testarch/knowledge/timing-debugging.md","c4c87539bbd3fd961369bb1d7066135d18c6aad7ecd70256ab5ec3b26a8777d9"
"md","trace-template","bmm","bmad/bmm/workflows/testarch/trace/trace-template.md","5453a8e4f61b294a1fc0ba42aec83223ae1bcd5c33d7ae0de6de992e3ee42b43"
"md","user-story-template","bmm","bmad/bmm/workflows/2-plan-workflows/tech-spec/user-story-template.md","4b179d52088745060991e7cfd853da7d6ce5ac0aa051118c9cecea8d59bdaf87"
"md","ux-design-template","bmm","bmad/bmm/workflows/2-plan-workflows/create-ux-design/ux-design-template.md","f9b8ae0fe08c6a23c63815ddd8ed43183c796f266ffe408f3426af1f13b956db"
"md","ux-designer","bmm","bmad/bmm/agents/ux-designer.md","50d3d6a76941e69414fc9fff6ee863e7b620fa7c44cf3a4a783ff8638f2e28c6"
"md","visual-debugging","bmm","bmad/bmm/testarch/knowledge/visual-debugging.md","072a3d30ba6d22d5e628fc26a08f6e03f8b696e49d5a4445f37749ce5cd4a8a9"
"md","workflow-architecture-reference","bmm","bmad/bmm/docs/workflow-architecture-reference.md","36efd4e3d74d1739455e896e62b7711bf4179c572f1eef7a7fae7f2385adcc6d"
"md","workflow-document-project-reference","bmm","bmad/bmm/docs/workflow-document-project-reference.md","6950fac4cf9ff395ce087f63e8b0ddfce9ade8eb48e708e0f1b3cedc82158159"
"md","workflows-analysis","bmm","bmad/bmm/docs/workflows-analysis.md","4dd00c829adcf881ecb96e083f754a4ce109159cfdaff8a5a856590ba33f1d74"
"md","workflows-implementation","bmm","bmad/bmm/docs/workflows-implementation.md","4b80c0afded7e643692990dcf2283b4b4250377b5f87516a86d4972de483c4b0"
"md","workflows-planning","bmm","bmad/bmm/docs/workflows-planning.md","3daeb274ad2564f8b1d109f78204b146a004c9edce6e7844ffa30da5a7e98066"
"md","workflows-solutioning","bmm","bmad/bmm/docs/workflows-solutioning.md","933a8d9da5e4378506d8539e1b74bb505149eeecdd8be9f4e8ccc98a282d0e4c"
"svg","workflow-method-greenfield","bmm","bmad/bmm/docs/images/workflow-method-greenfield.svg","fb20cc12c35e6b93bb2b8f9e95b4f1891d4c080f39c38c047180433dfd51ed46"
"xml","context-template","bmm","bmad/bmm/workflows/4-implementation/story-context/context-template.xml","582374f4d216ba60f1179745b319bbc2becc2ac92d7d8a19ac3273381a5c2549"
"yaml","analyst.agent","bmm","bmad/bmm/agents/analyst.agent.yaml",""
"yaml","architect.agent","bmm","bmad/bmm/agents/architect.agent.yaml",""
"yaml","architecture-patterns","bmm","bmad/bmm/workflows/3-solutioning/architecture/architecture-patterns.yaml","00b9878fd753b756eec16a9f416b4975945d6439e1343673540da4bccb0b83f5"
"yaml","config","bmm","bmad/bmm/config.yaml","742617fda9fdb8e7fbcc6b92a4024687f466fd234b03781dd52dc57788e8c1d0"
"yaml","decision-catalog","bmm","bmad/bmm/workflows/3-solutioning/architecture/decision-catalog.yaml","f7fc2ed6ec6c4bd78ec808ad70d24751b53b4835e0aad1088057371f545d3c82"
"yaml","deep-dive","bmm","bmad/bmm/workflows/document-project/workflows/deep-dive.yaml","5bba01ced6a5a703afa9db633cb8009d89fe37ceaa19b012cb4146ff5df5d361"
"yaml","dev.agent","bmm","bmad/bmm/agents/dev.agent.yaml",""
"yaml","enterprise-brownfield","bmm","bmad/bmm/workflows/workflow-status/paths/enterprise-brownfield.yaml","26b8700277c1f1ac278cc292dbcdd8bc96850c68810d2f51d197437560a30c92"
"yaml","enterprise-greenfield","bmm","bmad/bmm/workflows/workflow-status/paths/enterprise-greenfield.yaml","ab16f64719de6252ba84dfbb39aea2529a22ee5fa68e5faa67d4b8bbeaf7c371"
"yaml","excalidraw-templates","bmm","bmad/bmm/workflows/diagrams/_shared/excalidraw-templates.yaml","ca6e4ae85b5ab16df184ce1ddfdf83b20f9540db112ebf195cb793017f014a70"
"yaml","full-scan","bmm","bmad/bmm/workflows/document-project/workflows/full-scan.yaml","0a9c4d6caa66ab51c3a9122956821bcd8b5c17207e845bfa1c4dccaef81afbb9"
"yaml","github-actions-template","bmm","bmad/bmm/workflows/testarch/ci/github-actions-template.yaml","28c0de7c96481c5a7719596c85dd0ce8b5dc450d360aeaa7ebf6294dcf4bea4c"
"yaml","gitlab-ci-template","bmm","bmad/bmm/workflows/testarch/ci/gitlab-ci-template.yaml","bc83b9240ad255c6c2a99bf863b9e519f736c99aeb4b1e341b07620d54581fdc"
"yaml","injections","bmm","bmad/bmm/workflows/1-analysis/research/claude-code/injections.yaml","dd6dd6e722bf661c3c51d25cc97a1e8ca9c21d517ec0372e469364ba2cf1fa8b"
"yaml","method-brownfield","bmm","bmad/bmm/workflows/workflow-status/paths/method-brownfield.yaml","ccfa4631f8759ba7540df10a03ca44ecf02996da97430106abfcc418d1af87a5"
"yaml","method-greenfield","bmm","bmad/bmm/workflows/workflow-status/paths/method-greenfield.yaml","1a6fb41f79e51fa0bbd247c283f44780248ef2c207750d2c9b45e8f86531f080"
"yaml","pm.agent","bmm","bmad/bmm/agents/pm.agent.yaml",""
"yaml","project-levels","bmm","bmad/bmm/workflows/workflow-status/project-levels.yaml","09d810864558bfbc5a83ed8989847a165bd59119dfe420194771643daff6c813"
"yaml","quick-flow-brownfield","bmm","bmad/bmm/workflows/workflow-status/paths/quick-flow-brownfield.yaml","0d8837a07efaefe06b29c1e58fee982fafe6bbb40c096699bd64faed8e56ebf8"
"yaml","quick-flow-greenfield","bmm","bmad/bmm/workflows/workflow-status/paths/quick-flow-greenfield.yaml","c6eae1a3ef86e87bd48a285b11989809526498dc15386fa949279f2e77b011d5"
"yaml","sm.agent","bmm","bmad/bmm/agents/sm.agent.yaml",""
"yaml","sprint-status-template","bmm","bmad/bmm/workflows/4-implementation/sprint-planning/sprint-status-template.yaml","1b9f6bc7955c9caedfc14e0bbfa01e3f4fd5f720a91142fb6e9027431f965a48"
"yaml","tea.agent","bmm","bmad/bmm/agents/tea.agent.yaml",""
"yaml","team-fullstack","bmm","bmad/bmm/teams/team-fullstack.yaml","3bc35195392607b6298c36a7f1f7cb94a8ac0b0e6febe61f745009a924caee7c"
"yaml","tech-writer.agent","bmm","bmad/bmm/agents/tech-writer.agent.yaml",""
"yaml","ux-designer.agent","bmm","bmad/bmm/agents/ux-designer.agent.yaml",""
"yaml","workflow","bmm","bmad/bmm/workflows/1-analysis/brainstorm-project/workflow.yaml","9fa9d8a3e3467e00b9ba187f91520760751768b56fa14a325cc166e708067afb"
"yaml","workflow","bmm","bmad/bmm/workflows/1-analysis/domain-research/workflow.yaml","8982b0afd7ccb3574075e411c42cf8b2c534a99e1af77b55d07778560fb70d2d"
"yaml","workflow","bmm","bmad/bmm/workflows/1-analysis/product-brief/workflow.yaml","ccf4459a91bac35d022ab7aef776d779ba6e18f9e39028948d386363c510d629"
"yaml","workflow","bmm","bmad/bmm/workflows/1-analysis/research/workflow.yaml","339f40af85bcff64fedf417156e0c555113219071e06f741d356aaa95a9f5d19"
"yaml","workflow","bmm","bmad/bmm/workflows/2-plan-workflows/create-ux-design/workflow.yaml","997d8c000e89326a6cc9f5dc6893f95877428a0f6de644ed75667112b5786107"
"yaml","workflow","bmm","bmad/bmm/workflows/2-plan-workflows/prd/workflow.yaml","691e8bd4e2c29ec0df9ce4654714fe521e14b472b7c1977903a037299e0cf363"
"yaml","workflow","bmm","bmad/bmm/workflows/2-plan-workflows/tech-spec/workflow.yaml","893e47ffda7fd971c46004414efd96de47a82b9717367d5acfe123991359286b"
"yaml","workflow","bmm","bmad/bmm/workflows/3-solutioning/architecture/workflow.yaml","674654381b1de028384839dc745eb82bc17b2bd65e5b0bb9262616b4be814694"
"yaml","workflow","bmm","bmad/bmm/workflows/3-solutioning/create-epics-and-stories/workflow.yaml","33908479f8215d94dbedc2c83dbc2572ca95211ae9afe09f837867a94c7cb998"
"yaml","workflow","bmm","bmad/bmm/workflows/3-solutioning/implementation-readiness/workflow.yaml","a94c894e11070c2f449f3c344e3686e50db24c0dfb6ad8670b31d1a4535d7b2b"
"yaml","workflow","bmm","bmad/bmm/workflows/4-implementation/code-review/workflow.yaml","e191a7ae7268d346a8ac3cd98fd6fc4f401fde0a2a870cd4b986ce02204c779c"
"yaml","workflow","bmm","bmad/bmm/workflows/4-implementation/correct-course/workflow.yaml","41a9fabbcbe2e2bbdfcb16e80c71e50900ef060e8089cc35c511c67003f9a6e0"
"yaml","workflow","bmm","bmad/bmm/workflows/4-implementation/create-story/workflow.yaml","b7e9de7d8c13e214aab58ccb66549fe730727f5c29e04d936a1cbde26a20de41"
"yaml","workflow","bmm","bmad/bmm/workflows/4-implementation/dev-story/workflow.yaml","4c0f8c6511778976df16d3d5f50c219469a578e04d7620ee01bf13d33faa67c8"
"yaml","workflow","bmm","bmad/bmm/workflows/4-implementation/epic-tech-context/workflow.yaml","cb5693a6594bb23722939fbc95fe237dfb8ea6fd3c1e6bcb1d980e93ebfa3993"
"yaml","workflow","bmm","bmad/bmm/workflows/4-implementation/retrospective/workflow.yaml","99bf1de4a8624f7dd360382de808c5c19bd81780c4650335807cf0455b15883c"
"yaml","workflow","bmm","bmad/bmm/workflows/4-implementation/sprint-planning/workflow.yaml","9de72e216aae645679f98d405c96fbd34c57f0501588bd7247de07c53a4384bc"
"yaml","workflow","bmm","bmad/bmm/workflows/4-implementation/story-context/workflow.yaml","f3eef460f17519cbc0eb2f7d59cc9e85e941c9ec8d5dd7ace4df368b02702915"
"yaml","workflow","bmm","bmad/bmm/workflows/4-implementation/story-done/workflow.yaml","0fa5e4a626f897c49c9b660e8d2d0e79b698f23466eb905515913d0574e05bb5"
"yaml","workflow","bmm","bmad/bmm/workflows/4-implementation/story-ready/workflow.yaml","9a18da9d18f85549e917179796c747468c8659ec3733417df5bee553a873d298"
"yaml","workflow","bmm","bmad/bmm/workflows/diagrams/create-dataflow/workflow.yaml","1508f8163e94d0a358519372bc27720e0ca41afa7de123f624b6deb8a0a450b4"
"yaml","workflow","bmm","bmad/bmm/workflows/diagrams/create-diagram/workflow.yaml","b9b94b23070146ee8761332aeefa4dbba5b2d09e094f3e18add8123f578516c1"
"yaml","workflow","bmm","bmad/bmm/workflows/diagrams/create-flowchart/workflow.yaml","48139c4c3910038595cb3a64e05e4bf036a18e46b4eac0f9a3ebebe32153dc19"
"yaml","workflow","bmm","bmad/bmm/workflows/diagrams/create-wireframe/workflow.yaml","209f4f3d267f99f6db415b9ea8eb8f7c1e48ca0e7033123b22a90cca80237568"
"yaml","workflow","bmm","bmad/bmm/workflows/document-project/workflow.yaml","f929d6b0dad763572307b753639b6964b48413096952dba86e9104beefad7095"
"yaml","workflow","bmm","bmad/bmm/workflows/testarch/atdd/workflow.yaml","31ff0577f76cfd8e7977594c5d847540dc3179ee8b1c61efd45ba8251e2bfed0"
"yaml","workflow","bmm","bmad/bmm/workflows/testarch/automate/workflow.yaml","6d7d07a3ecdf94b898303fa2c0f4adbd4f6a7b66c83328738d4c9bfd1af8eccb"
"yaml","workflow","bmm","bmad/bmm/workflows/testarch/ci/workflow.yaml","1fd7624ffdc56247735442187ef56f099e2dedebe1e2817f3811fa7037a56772"
"yaml","workflow","bmm","bmad/bmm/workflows/testarch/framework/workflow.yaml","383ef38df7431b70815258a087732a50fa3b588490314cbf3c8c11066a298885"
"yaml","workflow","bmm","bmad/bmm/workflows/testarch/nfr-assess/workflow.yaml","bc2c8da54d885f679987d199cdbc4341e599056246cc8aa54696a8ea2fec58ca"
"yaml","workflow","bmm","bmad/bmm/workflows/testarch/test-design/workflow.yaml","76f3da922c0cfc3ef53ec4ba5dbb9db9567451057e4f6afebcf5e7e975196410"
"yaml","workflow","bmm","bmad/bmm/workflows/testarch/test-review/workflow.yaml","c51784f783cd99f197cf1c7cee3e8b63de43d673064690731de93c5c5a939777"
"yaml","workflow","bmm","bmad/bmm/workflows/testarch/trace/workflow.yaml","825770b7d75e4a9818160d85f944d083059dd4516499d61b75e2b7d35a68c425"
"yaml","workflow","bmm","bmad/bmm/workflows/workflow-status/init/workflow.yaml","245df982c5c57670a3a3e9d52754e2b87de996031e31b759e91df8f5b9b23e9f"
"yaml","workflow","bmm","bmad/bmm/workflows/workflow-status/workflow.yaml","d50d6e5593b871a197a67af991efec5204f354fd6b2ffe93790c9107bdb334c9"
"yaml","workflow-status-template","bmm","bmad/bmm/workflows/workflow-status/workflow-status-template.yaml","0ec9c95f1690b7b7786ffb4ab10663c93b775647ad58e283805092e1e830a0d9"
"csv","adv-elicit-methods","core","bmad/core/tasks/adv-elicit-methods.csv","b4e925870f902862899f12934e617c3b4fe002d1b652c99922b30fa93482533b"
"csv","advanced-elicitation-methods","core","bmad/core/tasks/advanced-elicitation-methods.csv","a8fe633e66471b69224ec2ee67c6bb2480c33c6fa9d416f672e3a5620ec5f33b"
"csv","brain-methods","core","bmad/core/workflows/brainstorming/brain-methods.csv","ecffe2f0ba263aac872b2d2c95a3f7b1556da2a980aa0edd3764ffb2f11889f3"
"md","bmad-master","core","bmad/core/agents/bmad-master.md","c3ea81c23e826ec85b886819e5b4a610ce937184559216bc9ed082e82d1967c3"
"md","excalidraw-helpers","core","bmad/core/resources/excalidraw/excalidraw-helpers.md","37f18fa0bd15f85a33e7526a2cbfe1d5a9404f8bcb8febc79b782361ef790de4"
"md","instructions","core","bmad/core/workflows/brainstorming/instructions.md","908a9c0be48b2bd6eabdc33110abd23c5c63c183be9e7db0bfd79134dbe77deb"
"md","instructions","core","bmad/core/workflows/party-mode/instructions.md","5fcdad7ed0773d62a1f64b78454a60c81d500071626233b014824596120db1ab"
"md","library-loader","core","bmad/core/resources/excalidraw/library-loader.md","7c9637a8467718035257bcc7a8733c31d59dc7396b48b60200913731a17cb666"
"md","README","core","bmad/core/resources/excalidraw/README.md","27f1515ff7f3729185119653c7cf5e02bcc75ac72530937d698b364b38dd961e"
"md","README","core","bmad/core/workflows/brainstorming/README.md","36105ef126ff15bad4d0741812cd79af73a96afd6457c04d45e9b03e6ec9c71c"
"md","template","core","bmad/core/workflows/brainstorming/template.md","f2fe173a1a4bb1fba514652b314e83f7d78c68d09fb68071f9c2e61ee9f61576"
"md","validate-json-instructions","core","bmad/core/resources/excalidraw/validate-json-instructions.md","0970bac93d52b4ee591a11998a02d5682e914649a40725d623489c77f7a1e449"
"xml","advanced-elicitation","core","bmad/core/tasks/advanced-elicitation.xml","afb4020a20d26c92a694b77523426915b6e9665afb80ef5f76aded7f1d626ba6"
"xml","bmad-web-orchestrator.agent","core","bmad/core/agents/bmad-web-orchestrator.agent.xml","2c2c3145d2c54ef40e1aa58519ae652fc2f63cb80b3e5236d40019e177853e0e"
"xml","index-docs","core","bmad/core/tasks/index-docs.xml","c6a9d79628fd1246ef29e296438b238d21c68f50eadb16219ac9d6200cf03628"
"xml","shard-doc","core","bmad/core/tools/shard-doc.xml","a0ddae908e440be3f3f40a96f7b288bcbf9fa3f8dc45d22814a957e807d2bedc"
"xml","validate-workflow","core","bmad/core/tasks/validate-workflow.xml","63580411c759ee317e58da8bda6ceba27dbf9d3742f39c5c705afcd27361a9ee"
"xml","workflow","core","bmad/core/tasks/workflow.xml","dcf69e99ec2996b85da1de9fac3715ae5428270d07817c40f04ae880fcc233fc"
"yaml","bmad-master.agent","core","bmad/core/agents/bmad-master.agent.yaml",""
"yaml","config","core","bmad/core/config.yaml","fcc28ba0b983ff2d09ddc94282cd96f2f6b75c5fe84fdaeb3a286058d5e9642f"
"yaml","workflow","core","bmad/core/workflows/brainstorming/workflow.yaml","4d1e0b4acbfea0cb23b510c42f576455efc65987bcdc703449dc4991d0dac7f3"
"yaml","workflow","core","bmad/core/workflows/party-mode/workflow.yaml","37bfaa33b21b4a8405473f5051bf2c88c767baf7f49bbbc0006201277fcee8af"
